model,hops,n,accuracy,ci_low,ci_high,accuracy_tuned,roc_auc,acc_true,acc_false
Laya (zero-shot),1,200,0.535,0.46586521028994954,0.6028155692957681,0.605,0.5670999999999999,0.1,0.97
Laya (zero-shot),2,200,0.505,0.4362687594824017,0.5735427804584151,0.465,0.41,0.04,0.97
Laya (zero-shot),3,200,0.5,0.43135962209034523,0.5686403779096547,0.5,0.4739,0.02,0.98
Laya (zero-shot),4,200,0.52,0.4510366005581654,0.5882095592051018,0.525,0.5281,0.05,0.99
Laya (zero-shot),5,200,0.51,0.441184632709161,0.5784384471724727,0.53,0.5465,0.03,0.99
Laya (fine-tuned),1,200,0.995,0.9722256001302286,0.999116854010634,0.995,1.0,1.0,0.99
Laya (fine-tuned),2,200,0.995,0.9722256001302286,0.999116854010634,0.995,0.99,1.0,0.99
Laya (fine-tuned),3,200,0.99,0.9642775148038205,0.9972533993962251,0.99,0.9999,1.0,0.98
Laya (fine-tuned),4,200,0.99,0.9642775148038205,0.9972533993962251,0.99,0.9954000000000001,1.0,0.98
Laya (fine-tuned),5,200,0.98,0.9497121344948062,0.9921956998236058,0.98,0.9898,0.99,0.97
Phi-4-mini (direct),1,200,0.71,0.6436239464268834,0.7684607310874219,0.66,0.7876000000000001,0.7,0.72
Phi-4-mini (direct),2,200,0.575,0.5057080512046821,0.6414650479075696,0.58,0.64805,0.43,0.72
Phi-4-mini (direct),3,200,0.59,0.5207633107255152,0.655844408209187,0.545,0.6433500000000001,0.52,0.66
Phi-4-mini (direct),4,200,0.6,0.5308354385001253,0.6653953603162106,0.53,0.6167,0.54,0.66
Phi-4-mini (direct),5,200,0.535,0.46586521028994954,0.6028155692957681,0.555,0.5871999999999999,0.45,0.62
Phi-4-mini (CoT),1,200,0.85,0.7939430617334484,0.892864734123727,0.85,,0.87,0.83
Phi-4-mini (CoT),2,200,0.755,0.6909563161285153,0.809432220853141,0.755,,0.76,0.75
Phi-4-mini (CoT),3,200,0.545,0.4757848503696115,0.6125190090977398,0.545,,0.59,0.5
Phi-4-mini (CoT),4,200,0.525,0.45597270710507,0.5930849925990139,0.525,,0.56,0.49
Phi-4-mini (CoT),5,200,0.475,0.4069150074009861,0.54402729289493,0.475,,0.53,0.42
