model,qdep,label,n,accuracy,ci_low,ci_high
Laya (zero-shot),0,all,150,0.42,0.34397871737684205,0.5000166648864729
Laya (zero-shot),0,False,50,0.92,0.8116149745493629,0.9684509967442093
Laya (zero-shot),0,True,50,0.26,0.15871379651367384,0.3955342198899992
Laya (zero-shot),0,Unknown,50,0.08,0.031549003255790686,0.18838502545063704
Laya (zero-shot),1,all,150,0.3466666666666667,0.27519387418426633,0.4257972751537541
Laya (zero-shot),1,False,50,0.94,0.8378265662912299,0.9793854036353695
Laya (zero-shot),1,True,50,0.04,0.011038652660826577,0.13460337877954667
Laya (zero-shot),1,Unknown,50,0.06,0.020614596364630478,0.16217343370877002
Laya (zero-shot),2,all,150,0.3333333333333333,0.2628864565745068,0.41210392314073274
Laya (zero-shot),2,False,50,0.94,0.8378265662912299,0.9793854036353695
Laya (zero-shot),2,True,50,0.04,0.011038652660826577,0.13460337877954667
Laya (zero-shot),2,Unknown,50,0.02,0.0035391680889764604,0.10495686471836953
Laya (zero-shot),3,all,150,0.36,0.28756459447316396,0.4394273244876372
Laya (zero-shot),3,False,50,0.98,0.8950431352816304,0.9964608319110235
Laya (zero-shot),3,True,50,0.06,0.020614596364630478,0.16217343370877002
Laya (zero-shot),3,Unknown,50,0.04,0.011038652660826577,0.13460337877954667
Laya (zero-shot),4,all,150,0.3466666666666667,0.27519387418426633,0.4257972751537541
Laya (zero-shot),4,False,50,0.94,0.8378265662912299,0.9793854036353695
Laya (zero-shot),4,True,50,0.1,0.04347512399157111,0.2136049033478839
Laya (zero-shot),4,Unknown,50,0.0,0.0,0.07135003417431873
Laya (zero-shot),5,all,150,0.32666666666666666,0.2567570339087464,0.40523296099510275
Laya (zero-shot),5,False,50,0.9,0.7863950966521162,0.956524876008429
Laya (zero-shot),5,True,50,0.06,0.020614596364630478,0.16217343370877002
Laya (zero-shot),5,Unknown,50,0.02,0.0035391680889764604,0.10495686471836953
Laya (fine-tuned),0,all,150,0.76,0.6857071477257108,0.8213078599185155
Laya (fine-tuned),0,False,50,0.88,0.7619492111337642,0.9438247628937535
Laya (fine-tuned),0,True,50,0.86,0.738135428014719,0.9304925473797714
Laya (fine-tuned),0,Unknown,50,0.54,0.40398634328388083,0.6703056539821737
Laya (fine-tuned),1,all,150,0.6066666666666667,0.5267647239233271,0.6812414330589196
Laya (fine-tuned),1,False,50,0.82,0.6920368054529739,0.902299172675462
Laya (fine-tuned),1,True,50,0.66,0.5215356854148285,0.7756323036493895
Laya (fine-tuned),1,Unknown,50,0.34,0.2243676963506106,0.47846431458517147
Laya (fine-tuned),2,all,150,0.6733333333333333,0.5947670390048972,0.7432429660912535
Laya (fine-tuned),2,False,50,0.82,0.6920368054529739,0.902299172675462
Laya (fine-tuned),2,True,50,0.82,0.6920368054529739,0.902299172675462
Laya (fine-tuned),2,Unknown,50,0.38,0.2586259584257722,0.5184980497760643
Laya (fine-tuned),3,all,150,0.6733333333333333,0.5947670390048972,0.7432429660912535
Laya (fine-tuned),3,False,50,0.72,0.5833461285401034,0.8252598564231963
Laya (fine-tuned),3,True,50,0.82,0.6920368054529739,0.902299172675462
Laya (fine-tuned),3,Unknown,50,0.48,0.3479691239550571,0.6148848774119157
Laya (fine-tuned),4,all,150,0.6133333333333333,0.5334964294452139,0.6875101123484232
Laya (fine-tuned),4,False,50,0.72,0.5833461285401034,0.8252598564231963
Laya (fine-tuned),4,True,50,0.68,0.5418944286372394,0.792419559060006
Laya (fine-tuned),4,Unknown,50,0.44,0.3116198721023534,0.5769421319985648
Laya (fine-tuned),5,all,150,0.6333333333333333,0.5537808929385404,0.706226803289268
Laya (fine-tuned),5,False,50,0.66,0.5215356854148285,0.7756323036493895
Laya (fine-tuned),5,True,50,0.78,0.6475818431054045,0.8724621377569771
Laya (fine-tuned),5,Unknown,50,0.46,0.3296943460178263,0.5960136567161192
Phi-4-mini (direct),0,all,150,0.7133333333333334,0.6363493407951355,0.7796629731693578
Phi-4-mini (direct),0,False,50,0.54,0.40398634328388083,0.6703056539821737
Phi-4-mini (direct),0,True,50,0.9,0.7863950966521162,0.956524876008429
Phi-4-mini (direct),0,Unknown,50,0.7,0.562493877226366,0.8089661091039063
Phi-4-mini (direct),1,all,150,0.42,0.34397871737684205,0.5000166648864729
Phi-4-mini (direct),1,False,50,0.14,0.06950745262022862,0.2618645719852809
Phi-4-mini (direct),1,True,50,0.34,0.2243676963506106,0.47846431458517147
Phi-4-mini (direct),1,Unknown,50,0.78,0.6475818431054045,0.8724621377569771
Phi-4-mini (direct),2,all,150,0.32666666666666666,0.2567570339087464,0.40523296099510275
Phi-4-mini (direct),2,False,50,0.06,0.020614596364630478,0.16217343370877002
Phi-4-mini (direct),2,True,50,0.18,0.0977008273245379,0.3079631945470261
Phi-4-mini (direct),2,Unknown,50,0.74,0.6044657801100008,0.8412862034863262
Phi-4-mini (direct),3,all,150,0.32666666666666666,0.2567570339087464,0.40523296099510275
Phi-4-mini (direct),3,False,50,0.1,0.04347512399157111,0.2136049033478839
Phi-4-mini (direct),3,True,50,0.1,0.04347512399157111,0.2136049033478839
Phi-4-mini (direct),3,Unknown,50,0.78,0.6475818431054045,0.8724621377569771
Phi-4-mini (direct),4,all,150,0.32666666666666666,0.2567570339087464,0.40523296099510275
Phi-4-mini (direct),4,False,50,0.06,0.020614596364630478,0.16217343370877002
Phi-4-mini (direct),4,True,50,0.16,0.08337321362087696,0.2851448096176598
Phi-4-mini (direct),4,Unknown,50,0.76,0.6258705062480763,0.8570274759812779
Phi-4-mini (direct),5,all,150,0.35333333333333333,0.28137142404545956,0.4326201101039513
Phi-4-mini (direct),5,False,50,0.14,0.06950745262022862,0.2618645719852809
Phi-4-mini (direct),5,True,50,0.12,0.05617523710624646,0.23805078886623582
Phi-4-mini (direct),5,Unknown,50,0.8,0.6696262789551477,0.8875637005402612
Phi-4-mini (CoT),0,all,150,0.6733333333333333,0.5947670390048972,0.7432429660912535
Phi-4-mini (CoT),0,False,50,0.76,0.6258705062480763,0.8570274759812779
Phi-4-mini (CoT),0,True,50,0.84,0.7148551903823401,0.9166267863791231
Phi-4-mini (CoT),0,Unknown,50,0.42,0.2937479723456693,0.5576680331222217
Phi-4-mini (CoT),1,all,150,0.6666666666666666,0.5878960768592673,0.7371135434254931
Phi-4-mini (CoT),1,False,50,0.76,0.6258705062480763,0.8570274759812779
Phi-4-mini (CoT),1,True,50,0.88,0.7619492111337642,0.9438247628937535
Phi-4-mini (CoT),1,Unknown,50,0.36,0.24138562967182875,0.49859237989698046
Phi-4-mini (CoT),2,all,150,0.62,0.5402429290748867,0.6937639975301408
Phi-4-mini (CoT),2,False,50,0.7,0.562493877226366,0.8089661091039063
Phi-4-mini (CoT),2,True,50,0.7,0.562493877226366,0.8089661091039063
Phi-4-mini (CoT),2,Unknown,50,0.46,0.3296943460178263,0.5960136567161192
Phi-4-mini (CoT),3,all,150,0.48,0.4015497821637989,0.5594490634020298
Phi-4-mini (CoT),3,False,50,0.44,0.3116198721023534,0.5769421319985648
Phi-4-mini (CoT),3,True,50,0.66,0.5215356854148285,0.7756323036493895
Phi-4-mini (CoT),3,Unknown,50,0.34,0.2243676963506106,0.47846431458517147
Phi-4-mini (CoT),4,all,150,0.46,0.38223445858630034,0.5397632325453572
Phi-4-mini (CoT),4,False,50,0.48,0.3479691239550571,0.6148848774119157
Phi-4-mini (CoT),4,True,50,0.5,0.36644286412332855,0.6335571358766714
Phi-4-mini (CoT),4,Unknown,50,0.4,0.2760818978624575,0.5381881089724063
Phi-4-mini (CoT),5,all,150,0.4666666666666667,0.38865912474061715,0.5463389512024308
Phi-4-mini (CoT),5,False,50,0.44,0.3116198721023534,0.5769421319985648
Phi-4-mini (CoT),5,True,50,0.48,0.3479691239550571,0.6148848774119157
Phi-4-mini (CoT),5,Unknown,50,0.48,0.3479691239550571,0.6148848774119157
